{
  "properties": {
    "connectionReferences": {
      "shared_office365_1": {
        "runtimeSource": "embedded",
        "connection": {
          "connectionReferenceLogicalName": "about365_Office365Outlook"
        },
        "api": {
          "name": "shared_office365"
        }
      },
      "shared_flowmanagement_1": {
        "runtimeSource": "embedded",
        "connection": {
          "connectionReferenceLogicalName": "about365_PowerAutomateManagement"
        },
        "api": {
          "name": "shared_flowmanagement"
        }
      },
      "shared_office365users_1": {
        "runtimeSource": "embedded",
        "connection": {
          "connectionReferenceLogicalName": "about365_Office365Users"
        },
        "api": {
          "name": "shared_office365users"
        }
      }
    },
    "definition": {
      "$schema": "https://schema.management.azure.com/providers/Microsoft.Logic/schemas/2016-06-01/workflowdefinition.json#",
      "contentVersion": "1.0.0.0",
      "parameters": {
        "$connections": {
          "defaultValue": {},
          "type": "Object"
        },
        "$authentication": {
          "defaultValue": {},
          "type": "SecureObject"
        },
        "Notify email (about365_Notifyemail)": {
          "type": "String",
          "metadata": {
            "schemaName": "about365_Notifyemail",
            "description": "This contains the email address of the person who gets notified in case the flow has failed"
          }
        },
        "Auto enable flow (about365_Autoenableflow)": {
          "type": "Bool",
          "metadata": {
            "schemaName": "about365_Autoenableflow",
            "description": "This will define if the flow should be enabled automatically or if you want to be prompted"
          }
        }
      },
      "triggers": {
        "When_a_new_email_arrives_(V3)_|_Flow_disable_email": {
          "splitOn": "@triggerOutputs()?['body/value']",
          "metadata": {
            "operationMetadataId": "37edfdff-95e8-4a58-bac5-268cd026e69d"
          },
          "type": "OpenApiConnectionNotification",
          "inputs": {
            "host": {
              "connectionName": "shared_office365_1",
              "operationId": "OnNewEmailV3",
              "apiId": "/providers/Microsoft.PowerApps/apis/shared_office365"
            },
            "parameters": {
              "folderPath": "Inbox",
              "subjectFilter": "Alert! Your flow has been turned off since it was not running"
            },
            "authentication": "@parameters('$authentication')"
          }
        }
      },
      "actions": {
        "Initialize_variable_|_varDecodedMailBody": {
          "runAfter": {},
          "metadata": {
            "operationMetadataId": "8b1c61bc-5d88-410b-a8d0-ca78a025a356"
          },
          "type": "InitializeVariable",
          "inputs": {
            "variables": [
              {
                "name": "varDecodedMailBody",
                "type": "string"
              }
            ]
          }
        },
        "CATCH": {
          "actions": {
            "Send_an_email_(V2)_|_Notify_on_flow_failure": {
              "runAfter": {},
              "metadata": {
                "operationMetadataId": "605fe5ff-113a-4d10-aab4-70f3d1bba85d"
              },
              "type": "OpenApiConnection",
              "inputs": {
                "host": {
                  "connectionName": "shared_office365_1",
                  "operationId": "SendEmailV2",
                  "apiId": "/providers/Microsoft.PowerApps/apis/shared_office365"
                },
                "parameters": {
                  "emailMessage/To": "@parameters('Notify email (about365_Notifyemail)')",
                  "emailMessage/Subject": "Your flow has failed",
                  "emailMessage/Body": "<p>Hello,</p>\n<p>I'm sad to inform you that your flow has failed.<br>\nPlease have a look at the flow details and fix any issues where possible.</p>\n<p>It concerns the following flow:<br>\n<a href='https://make.powerautomate.com/environments/@{workflow()['tags']['environmentName']}/flows/@{workflow()?['name']}/runs/@{workflow()?['run']?['name']}'>@{workflow()?['tags']?['flowDisplayName']}</a></p>\n<p><span style=\"font-size: 10px\"><em>This message has been generated automatically</em></span></p>",
                  "emailMessage/Importance": "Normal"
                },
                "authentication": "@parameters('$authentication')"
              }
            },
            "Terminate_|_After_error": {
              "runAfter": {
                "Send_an_email_(V2)_|_Notify_on_flow_failure": [
                  "Succeeded"
                ]
              },
              "metadata": {
                "operationMetadataId": "ea64d21c-beb2-4eee-a4cc-2292bd924081"
              },
              "type": "Terminate",
              "inputs": {
                "runStatus": "Failed"
              }
            }
          },
          "runAfter": {
            "TRY": [
              "Failed",
              "TimedOut"
            ]
          },
          "metadata": {
            "operationMetadataId": "b3d4969c-6570-4828-a73d-8a073ac223b0"
          },
          "type": "Scope"
        },
        "TRY": {
          "actions": {
            "Set_variable_|_varDecodedMailBody_to_Mail_body_HTML_without_Encoded_URI_elements": {
              "runAfter": {},
              "metadata": {
                "operationMetadataId": "7669d994-1f21-4242-b2f0-de6864e98622"
              },
              "type": "SetVariable",
              "inputs": {
                "name": "varDecodedMailBody",
                "value": "@{decodeUriComponent(triggerOutputs()?['body/body'])}"
              },
              "description": "This will decode any URI encoded characters from the received email body to its default characters"
            },
            "Set_variable_|_varEnvironmentID_to_extracted_Environment_ID_from_mail_body": {
              "runAfter": {
                "Set_variable_|_varDecodedMailBody_to_Mail_body_HTML_without_Encoded_URI_elements": [
                  "Succeeded"
                ]
              },
              "metadata": {
                "operationMetadataId": "9b724707-55bd-4447-8849-b81c1ab7d2f5"
              },
              "type": "SetVariable",
              "inputs": {
                "name": "varEnvironmentID",
                "value": "@{split(split(variables('varDecodedMailBody'),'/manage/environments/')[1],'/')[0]}"
              },
              "description": "This will split the decoded email body into the Environment ID by looking for '/manage/environments/' and its following slash ('/') in the HTML"
            },
            "Set_variable_|_varFlowID_to_extracted_Flow_ID_from_HTML_Mail_body": {
              "runAfter": {
                "Set_variable_|_varEnvironmentID_to_extracted_Environment_ID_from_mail_body": [
                  "Succeeded"
                ]
              },
              "metadata": {
                "operationMetadataId": "ed8169cc-bcc5-42ab-b4b7-ed5363a47689"
              },
              "type": "SetVariable",
              "inputs": {
                "name": "varFlowID",
                "value": "@{split(split(replace(variables('varDecodedMailBody'),'/shared',''),'/flows/')[1],'/')[0]}"
              },
              "description": "This will split the decoded email body into the Flow ID by removing the '/shared' string (if applicable) and then looking for '/flows/' and its following slash ('/') in the HTML"
            },
            "Get_Flow_|_Based_on_Environment_ID_and_Flow_ID_variables": {
              "runAfter": {
                "Filter_array_|_Only_pick_related_environment_(based_on_Environment_ID)": [
                  "Succeeded"
                ]
              },
              "metadata": {
                "operationMetadataId": "39b2f5dd-20a7-4aef-a414-5f600d0c199a"
              },
              "type": "OpenApiConnection",
              "inputs": {
                "host": {
                  "connectionName": "shared_flowmanagement_1",
                  "operationId": "GetFlow",
                  "apiId": "/providers/Microsoft.PowerApps/apis/shared_flowmanagement"
                },
                "parameters": {
                  "environmentName": "@variables('varEnvironmentID')",
                  "flowName": "@variables('varFlowID')"
                },
                "authentication": "@parameters('$authentication')"
              }
            },
            "List_My_Environments_|_Get_all_possible_environments": {
              "runAfter": {
                "Set_variable_|_varFlowID_to_extracted_Flow_ID_from_HTML_Mail_body": [
                  "Succeeded"
                ]
              },
              "metadata": {
                "operationMetadataId": "73bdf767-bc1b-4467-aec1-265053a592bb"
              },
              "type": "OpenApiConnection",
              "inputs": {
                "host": {
                  "connectionName": "shared_flowmanagement_1",
                  "operationId": "ListUserEnvironments",
                  "apiId": "/providers/Microsoft.PowerApps/apis/shared_flowmanagement"
                },
                "parameters": {},
                "authentication": "@parameters('$authentication')"
              }
            },
            "Filter_array_|_Only_pick_related_environment_(based_on_Environment_ID)": {
              "runAfter": {
                "List_My_Environments_|_Get_all_possible_environments": [
                  "Succeeded"
                ]
              },
              "metadata": {
                "operationMetadataId": "f78bd650-d7fd-4963-b1dc-aef6ab86ba98"
              },
              "type": "Query",
              "inputs": {
                "from": "@outputs('List_My_Environments_|_Get_all_possible_environments')?['body/value']",
                "where": "@equals(item()?['name'], variables('varEnvironmentID'))"
              }
            },
            "Get_user_profile_(V2)_|_Get_Flow_Owner_information_(based_on_Creator_User_ID)": {
              "runAfter": {
                "Get_Flow_|_Based_on_Environment_ID_and_Flow_ID_variables": [
                  "Succeeded"
                ]
              },
              "metadata": {
                "operationMetadataId": "7b5b1ef5-cadd-42cb-a1c4-1dc613ce3d87"
              },
              "type": "OpenApiConnection",
              "inputs": {
                "host": {
                  "connectionName": "shared_office365users_1",
                  "operationId": "UserProfile_V2",
                  "apiId": "/providers/Microsoft.PowerApps/apis/shared_office365users"
                },
                "parameters": {
                  "id": "@outputs('Get_Flow_|_Based_on_Environment_ID_and_Flow_ID_variables')?['body/properties/creator/userId']"
                },
                "authentication": "@parameters('$authentication')"
              }
            },
            "Condition_|_Check_if_flow_should_be_auto-enabled_(based_on_environment_variable)": {
              "actions": {
                "Set_variable_|_varDecision_to_Enable_because_of_auto-enable": {
                  "runAfter": {},
                  "metadata": {
                    "operationMetadataId": "af66bb83-c726-4aa9-b48c-ca58ae98368e"
                  },
                  "type": "SetVariable",
                  "inputs": {
                    "name": "varDecision",
                    "value": "Enable"
                  }
                }
              },
              "runAfter": {
                "Get_user_profile_(V2)_|_Get_Flow_Owner_information_(based_on_Creator_User_ID)": [
                  "Succeeded"
                ]
              },
              "else": {
                "actions": {
                  "Send_email_with_options_|_Ask_owner_to_re-enable_flow": {
                    "runAfter": {},
                    "metadata": {
                      "operationMetadataId": "0da5acdf-d44f-4ac9-ba0d-71975b791d2c"
                    },
                    "type": "OpenApiConnectionWebhook",
                    "inputs": {
                      "host": {
                        "connectionName": "shared_office365_1",
                        "operationId": "SendMailWithOptions",
                        "apiId": "/providers/Microsoft.PowerApps/apis/shared_office365"
                      },
                      "parameters": {
                        "optionsEmailSubscription/Message/To": "@outputs('Get_user_profile_(V2)_|_Get_Flow_Owner_information_(based_on_Creator_User_ID)')?['body/mail']",
                        "optionsEmailSubscription/Message/Subject": "Your flow has been disabled because it hasn't been run recently",
                        "optionsEmailSubscription/Message/Options": "Do nothing, Enable flow, Remove flow",
                        "optionsEmailSubscription/Message/SelectionText": "Since your flow is now turned off, you're prompted with one of the following choices",
                        "optionsEmailSubscription/Message/Body": "You were notified by Microsoft that your flow hasn't ran recently and that it has been switched off automatically.  \n  \n## It concerns the following flow:  \n\n**Environment:** @{body('Filter_array_|_Only_pick_related_environment_(based_on_Environment_ID)')[0]?['properties']?['displayName']}  \n**Flow:** [@{outputs('Get_Flow_|_Based_on_Environment_ID_and_Flow_ID_variables')?['body/properties/displayName']}](https://flow.microsoft.com@{split(split(variables('varDecodedMailBody'),'https://flow.microsoft.com')[1],'?')[0]})  \n**Created:** @{formatDateTime(outputs('Get_Flow_|_Based_on_Environment_ID_and_Flow_ID_variables')?['body/properties/createdTime'],'dddd MMMM dd, yyyy')}  \n**Last modified:** @{formatDateTime(outputs('Get_Flow_|_Based_on_Environment_ID_and_Flow_ID_variables')?['body/properties/lastModifiedTime'],'dddd MMMM dd, yyyy')}  \n  \nYou can find a copy of the email as an attachment to this email.\n  \n## What do you want to do with this flow?",
                        "optionsEmailSubscription/Message/Importance": "High",
                        "optionsEmailSubscription/Message/Attachments": [
                          {
                            "Name": "@{triggerOutputs()?['body/subject']}.html",
                            "ContentBytes": "@variables('varDecodedMailBody')"
                          }
                        ],
                        "optionsEmailSubscription/Message/UseOnlyHTMLMessage": false,
                        "optionsEmailSubscription/Message/HideHTMLMessage": true,
                        "optionsEmailSubscription/Message/ShowHTMLConfirmationDialog": false
                      },
                      "authentication": "@parameters('$authentication')"
                    }
                  },
                  "Switch_|_Mail_with_options_outcome": {
                    "runAfter": {
                      "Send_email_with_options_|_Ask_owner_to_re-enable_flow": [
                        "Succeeded"
                      ]
                    },
                    "cases": {
                      "Enable_flow": {
                        "case": "Enable flow",
                        "actions": {
                          "Set_variable_|_varDecision_to_Enable_because_of_Mail_with_options_outcome": {
                            "runAfter": {},
                            "type": "SetVariable",
                            "inputs": {
                              "name": "varDecision",
                              "value": "Enable"
                            }
                          }
                        }
                      },
                      "Remove_flow": {
                        "case": "Remove flow",
                        "actions": {
                          "Set_variable_|_varDecision_to_Remove_because_of_Mail_with_options_outcome": {
                            "runAfter": {},
                            "type": "SetVariable",
                            "inputs": {
                              "name": "varDecision",
                              "value": "Remove"
                            }
                          }
                        }
                      }
                    },
                    "default": {
                      "actions": {}
                    },
                    "expression": "@outputs('Send_email_with_options_|_Ask_owner_to_re-enable_flow')?['body/SelectedOption']",
                    "metadata": {
                      "operationMetadataId": "2d30058a-f50a-49da-80ed-128dbe7ac98e"
                    },
                    "type": "Switch"
                  }
                }
              },
              "expression": {
                "equals": [
                  "@parameters('Auto enable flow (about365_Autoenableflow)')",
                  "@true"
                ]
              },
              "metadata": {
                "operationMetadataId": "13c87a5e-9735-40a2-b568-868e14619429"
              },
              "type": "If"
            },
            "Switch_|_Based_on_varDecision_variable": {
              "runAfter": {
                "Condition_|_Check_if_flow_should_be_auto-enabled_(based_on_environment_variable)": [
                  "Succeeded"
                ]
              },
              "cases": {
                "Enable": {
                  "case": "Enable",
                  "actions": {
                    "Turn_On_Flow_|_Re-enable_flow_based_on_Environment_ID_and_Flow_ID_variables": {
                      "runAfter": {},
                      "type": "OpenApiConnection",
                      "inputs": {
                        "host": {
                          "connectionName": "shared_flowmanagement_1",
                          "operationId": "StartFlow",
                          "apiId": "/providers/Microsoft.PowerApps/apis/shared_flowmanagement"
                        },
                        "parameters": {
                          "environmentName": "@variables('varEnvironmentID')",
                          "flowName": "@variables('varFlowID')"
                        },
                        "authentication": "@parameters('$authentication')"
                      }
                    }
                  }
                },
                "Remove": {
                  "case": "Remove",
                  "actions": {
                    "Delete_Flow_|_Remove_flow_based_on_Environment_ID_and_Flow_ID_variables": {
                      "runAfter": {},
                      "type": "OpenApiConnection",
                      "inputs": {
                        "host": {
                          "connectionName": "shared_flowmanagement_1",
                          "operationId": "DeleteFlow",
                          "apiId": "/providers/Microsoft.PowerApps/apis/shared_flowmanagement"
                        },
                        "parameters": {
                          "environmentName": "@variables('varEnvironmentID')",
                          "flowName": "@variables('varFlowID')"
                        },
                        "authentication": "@parameters('$authentication')"
                      }
                    }
                  }
                }
              },
              "default": {
                "actions": {}
              },
              "expression": "@variables('varDecision')",
              "metadata": {
                "operationMetadataId": "a590b8a8-ad8e-47c1-a74a-e3662662e618"
              },
              "type": "Switch"
            }
          },
          "runAfter": {
            "Initialize_variable_|_varDecision": [
              "Succeeded"
            ]
          },
          "metadata": {
            "operationMetadataId": "e86075af-94fa-4ddd-890e-42b723e40ba1"
          },
          "type": "Scope"
        },
        "Initialize_variable_|_varEnvironmentID": {
          "runAfter": {
            "Initialize_variable_|_varDecodedMailBody": [
              "Succeeded"
            ]
          },
          "metadata": {
            "operationMetadataId": "4d6b4946-d06c-424a-901e-12f8205000d1"
          },
          "type": "InitializeVariable",
          "inputs": {
            "variables": [
              {
                "name": "varEnvironmentID",
                "type": "string"
              }
            ]
          }
        },
        "Initialize_variable_|_varFlowID": {
          "runAfter": {
            "Initialize_variable_|_varEnvironmentID": [
              "Succeeded"
            ]
          },
          "metadata": {
            "operationMetadataId": "dcf58653-7180-4888-9437-242c401ab7ae"
          },
          "type": "InitializeVariable",
          "inputs": {
            "variables": [
              {
                "name": "varFlowID",
                "type": "string"
              }
            ]
          }
        },
        "Initialize_variable_|_varDecision": {
          "runAfter": {
            "Initialize_variable_|_varFlowID": [
              "Succeeded"
            ]
          },
          "metadata": {
            "operationMetadataId": "e3adaa54-ba37-4c3f-93ba-24454fb46e10"
          },
          "type": "InitializeVariable",
          "inputs": {
            "variables": [
              {
                "name": "varDecision",
                "type": "string"
              }
            ]
          }
        }
      }
    },
    "templateName": ""
  },
  "schemaVersion": "1.0.0.0"
}