<environmentvariabledefinition schemaname="about365_Notifyemail">
  <description default="This contains the email address of the person who gets notified in case the flow has failed">
    <label description="This contains the email address of the person who gets notified in case the flow has failed" languagecode="1033" />
  </description>
  <displayname default="Notify email">
    <label description="Notify email" languagecode="1033" />
  </displayname>
  <introducedversion>1.0.0.0</introducedversion>
  <iscustomizable>1</iscustomizable>
  <isrequired>0</isrequired>
  <secretstore>0</secretstore>
  <type>100000000</type>
</environmentvariabledefinition>