{"name":"c644892c-e773-4b56-878c-2bb4d4b28e60","id":"/providers/Microsoft.Flow/flows/c644892c-e773-4b56-878c-2bb4d4b28e60","type":"Microsoft.Flow/flows","properties":{"apiId":"/providers/Microsoft.PowerApps/apis/shared_logicflows","displayName":"Error handling template","definition":{"metadata":{"workflowEntityId":null,"processAdvisorMetadata":null,"flowChargedByPaygo":null,"flowclientsuspensionreason":"None","flowclientsuspensiontime":null,"flowclientsuspensionreasondetails":null,"creator":{"id":"70fea1c2-3120-463a-b91f-430c481d473f","type":"User","tenantId":"d9b63fb4-f80b-43ed-bfbb-047407293686"},"provisioningMethod":"FromDefinition","failureAlertSubscription":true,"clientLastModifiedTime":"2024-08-01T09:24:15.053734Z","connectionKeySavedTimeKey":"2024-08-01T09:24:15.053734Z"},"$schema":"https://schema.management.azure.com/providers/Microsoft.Logic/schemas/2016-06-01/workflowdefinition.json#","contentVersion":"1.0.0.0","parameters":{"$connections":{"defaultValue":{},"type":"Object"},"$authentication":{"defaultValue":{},"type":"SecureObject"}},"triggers":{"manual":{"metadata":{"operationMetadataId":"f3954e53-6ef5-44f9-a869-868ec8d17d22"},"type":"Request","kind":"Button","inputs":{"schema":{"type":"object","properties":{},"required":[]}}}},"actions":{"READ_ME_FIRST!":{"runAfter":{},"metadata":{"operationMetadataId":"cf23c48e-6a89-4621-bbf2-3b3fcc2f92de"},"type":"Compose","inputs":"You can use this flow template for incorporating error handling within your flow. Just change the trigger to any trigger type you want (if applicable) and start configuring your flow process WITHIN THE TRY SCOPE below.\n\nDon't forget to change the email address of the recipient of the error message WITHIN INITIALIZE VARIABLE | VARRECIPIENT ACTION below.\n\nWhen done, you can delete this Compose action"},"TRY":{"actions":{},"runAfter":{"Initialize_variable_|_varErrors":["Succeeded"]},"metadata":{"operationMetadataId":"735f4bb1-b0a2-4e87-8db9-2cbea60737ad"},"type":"Scope"},"CATCH":{"actions":{"Apply_to_each_|_Scope_result":{"foreach":"@result('Try')","actions":{"Condition_|_Check_if_action_has_failed":{"actions":{"Set_variable_|_Append_action_name_and_error_message_to_varErrors":{"runAfter":{},"metadata":{"operationMetadataId":"12a98229-2a87-4de7-bfd4-ceaa2275203b"},"type":"AppendToStringVariable","inputs":{"name":"varErrors","value":"<strong>@{replace(items('Apply_to_each_|_Scope_result')?['name'], '_', ' ')}</strong><br/>\n@{items('Apply_to_each_|_Scope_result')?['error']?['message']}<br/>\n<hr>\n"},"description":"This will add the action name (underscores replaced by spaces) and error description to the varErrors variable"}},"runAfter":{},"expression":{"equals":["@items('Apply_to_each_|_Scope_result')?['Status']","Failed"]},"metadata":{"operationMetadataId":"7b278e03-e845-4f40-9b8b-602294fc86d1"},"type":"If","description":"This will check of the status of the current action has failed"}},"runAfter":{},"metadata":{"operationMetadataId":"608ba30f-0be6-4260-8c24-a6ee0129c9d9"},"type":"Foreach","description":"This will loop through each action within the TRY scope. Please note that if you have container actions (e.g. condition, scope, apply to each, etc.) within your TRY scope, it will only get info from this container and not the actions within"},"Send_an_email_(V2)_|_Notify_RECIPIENT_on_flow_failure":{"runAfter":{"Apply_to_each_|_Scope_result":["Succeeded"]},"metadata":{"operationMetadataId":"0017343e-8d22-4bc5-ad28-cc331e2045a4"},"type":"OpenApiConnection","inputs":{"host":{"apiId":"/providers/Microsoft.PowerApps/apis/shared_office365","connectionName":"shared_office365","operationId":"SendEmailV2"},"parameters":{"emailMessage/To":"@variables('varRecipient')","emailMessage/Subject":"@{workflow()?['tags']?['flowDisplayName']} has failed","emailMessage/Body":"<p>Your flow (@{workflow()?['tags']?['flowDisplayName']}) has failed with the following errors:<br>\n<br>\n<hr>\n@{variables('varErrors')}<br>\n<br>\nPlease take a look at it and resubmit the flow after the issue has been fixed.<br/>\nClick <a href='@{variables('varRunURL')}'>here</a> to open the flow run.</p>","emailMessage/Importance":"High"},"authentication":{"value":"@json(decodeBase64(triggerOutputs().headers['X-MS-APIM-Tokens']))['$ConnectionKey']","type":"Raw"}},"description":"This will inform the recipient that the flow has failed, including an overview of all errors and a link to the flow run so it can be easily accessed"}},"runAfter":{"TRY":["Failed","TimedOut"]},"metadata":{"operationMetadataId":"1a736c4c-3705-413f-8dc1-6a86b109f8a9"},"type":"Scope"},"Initialize_variable_|_varErrors":{"runAfter":{"Initialize_variable_|_varRecipient":["Succeeded"]},"metadata":{"operationMetadataId":"4e62fe1e-bb4f-447e-9f7f-a11370baae7e"},"type":"InitializeVariable","inputs":{"variables":[{"name":"varErrors","type":"string"}]},"description":"This will contain all errors that occur during this flow run (if applicable)"},"Initialize_variable_|_varRunURL":{"runAfter":{"READ_ME_FIRST!":["Succeeded"]},"metadata":{"operationMetadataId":"8c6ce955-5dbe-43b1-84ae-305c3bffae27"},"type":"InitializeVariable","inputs":{"variables":[{"name":"varRunURL","type":"string","value":"@{concat(\r\n\t'https://make.powerautomate.com/environments/',\r\n\tworkflow()?['tags']['environmentName'],\r\n\t'/flows/',\r\n\tworkflow()?['tags']['logicAppName'],\r\n\t'/runs/',\r\n\tworkflow()?['run']['name']\r\n)}"}]},"description":"This will built the URL of the current flow run, which is used for error handling"},"Initialize_variable_|_varRecipient":{"runAfter":{"Initialize_variable_|_varRunURL":["Succeeded"]},"metadata":{"operationMetadataId":"3054331b-338d-4986-8739-f59e3d70baee"},"type":"InitializeVariable","inputs":{"variables":[{"name":"varRecipient","type":"string","value":"PLEASE ENTER A VALID EMAIL ADDRESS HERE"}]},"description":"This contains the email address of the recipient of the error email (if applicable)"},"FINALLY":{"actions":{"Condition_|_Check_if_errors_have_occurred":{"actions":{"Terminate_|_Succeeded":{"runAfter":{},"metadata":{"operationMetadataId":"5d8ba05c-3f1f-4b9e-9d40-cfa4795c3d36"},"type":"Terminate","inputs":{"runStatus":"Succeeded"}}},"runAfter":{},"else":{"actions":{"Terminate_|_Failed":{"runAfter":{},"metadata":{"operationMetadataId":"5791efac-cf95-47ee-9b1d-a6e75d67a347"},"type":"Terminate","inputs":{"runStatus":"Failed"}}}},"expression":{"equals":["@length(variables('varErrors'))",0]},"metadata":{"operationMetadataId":"28d5f7c8-3d39-46f2-89de-5a19b3e1c31b"},"type":"If","description":"If the varErrors variable is empty (length = 0), there are no errors"}},"runAfter":{"CATCH":["Succeeded"]},"metadata":{"operationMetadataId":"1dc69b1c-b408-4223-9b45-543a1818b64c"},"type":"Scope"}},"description":"This is a flow template that contains error handling"},"connectionReferences":{"shared_office365":{"connectionName":"db0ee8d7ba8b4fcdb5444760d4fadec7","source":"Invoker","id":"/providers/Microsoft.PowerApps/apis/shared_office365","tier":"NotSpecified"}},"flowFailureAlertSubscribed":false,"isManaged":false}}