<environmentvariabledefinition schemaname="about365_Autoenableflow">
  <description default="This will define if the flow should be enabled automatically or if you want to be prompted">
    <label description="This will define if the flow should be enabled automatically or if you want to be prompted" languagecode="1033" />
  </description>
  <displayname default="Auto enable flow">
    <label description="Auto enable flow" languagecode="1033" />
  </displayname>
  <introducedversion>1.0.0.0</introducedversion>
  <iscustomizable>1</iscustomizable>
  <isrequired>0</isrequired>
  <secretstore>0</secretstore>
  <type>100000002</type>
</environmentvariabledefinition>